-- Database Population Script for LearnDJ Store
-- SQLite3 compatible SQL for populating store tables with ~500 rows
-- Tables: store_collection, store_product, store_order, store_orderitem, store_customer

-- ============================================================================
-- 1. POPULATE COLLECTIONS (20 records)
-- ============================================================================
INSERT INTO store_collection (title, featured_product_id) VALUES
('Electronics', NULL),
('Clothing & Fashion', NULL),
('Home & Kitchen', NULL),
('Sports & Outdoors', NULL),
('Books & Media', NULL),
('Toys & Games', NULL),
('Beauty & Personal Care', NULL),
('Automotive', NULL),
('Office Supplies', NULL),
('Garden & Outdoor', NULL),
('Pet Supplies', NULL),
('Furniture', NULL),
('Music & Instruments', NULL),
('Sports Equipment', NULL),
('Health & Wellness', NULL),
('Baby Products', NULL),
('Jewelry & Watches', NULL),
('Tools & Hardware', NULL),
('Smart Home', NULL),
('Fashion Accessories', NULL);

-- ============================================================================
-- 2. POPULATE PROMOTIONS (40 records)
-- ============================================================================
INSERT INTO store_promotion (description, discount) VALUES
('Summer Sale', 0.10), ('Spring Clearance', 0.15), ('Winter Discount', 0.12), 
('Flash Deal', 0.20), ('Member Exclusive', 0.08), ('Anniversary Special', 0.25),
('New Year Offer', 0.18), ('Black Friday', 0.30), ('Cyber Monday', 0.22),
('Holiday Special', 0.16), ('Bundle Deal', 0.12), ('First Purchase', 0.05),
('Loyalty Bonus', 0.10), ('Clearance Sale', 0.35), ('Weekend Offer', 0.07),
('Birthday Month', 0.15), ('Student Discount', 0.12), ('Senior Special', 0.10),
('Bulk Purchase', 0.20), ('Referral Reward', 0.08), ('Free Shipping', 0.05),
('Seasonal Clearance', 0.25), ('Grand Opening', 0.18), ('Easter Sale', 0.14),
('Back to School', 0.10), ('Thanksgiving', 0.16), ('Valentine''s Day', 0.12),
('Mother''s Day', 0.15), ('Father''s Day', 0.15), ('Labor Day', 0.13),
('Columbus Day', 0.10), ('End of Season', 0.28), ('Inventory Clearance', 0.32),
('Storewide Sale', 0.20), ('Exclusive Offer', 0.09), ('Extended Sale', 0.14),
('Limited Time', 0.17), ('VIP Deal', 0.11), ('Best Seller Discount', 0.13),
('New Product Launch', 0.10);

-- ============================================================================
-- 3. POPULATE PRODUCTS (250 records)
-- ============================================================================
-- Electronics Products (1-50)
INSERT INTO store_product (title, slug, description, unit_price, inventory, collection_id, last_update) VALUES
('Wireless Headphones', 'wireless-headphones-1', 'High-quality wireless headphones with noise cancellation', 79.99, 45, 1, '2026-02-09 12:00:00'),
('USB-C Charging Cable', 'usb-c-cable-1', 'Fast charging USB-C cable', 12.99, 150, 1, '2026-02-09 12:00:00'),
('Phone Screen Protector', 'screen-protector-1', 'Tempered glass screen protector', 9.99, 200, 1, '2026-02-09 12:00:00'),
('Portable Power Bank', 'power-bank-1', '10000mAh portable power bank', 25.99, 85, 1, '2026-02-09 12:00:00'),
('Bluetooth Speaker', 'bluetooth-speaker-1', 'Portable wireless Bluetooth speaker', 45.99, 60, 1, '2026-02-09 12:00:00'),
('Phone Case', 'phone-case-1', 'Durable protective phone case', 14.99, 120, 1, '2026-02-09 12:00:00'),
('USB Hub 4-Port', 'usb-hub-4-port', 'Multi-port USB hub', 19.99, 75, 1, '2026-02-09 12:00:00'),
('Wireless Mouse', 'wireless-mouse-1', 'Ergonomic wireless mouse', 24.99, 90, 1, '2026-02-09 12:00:00'),
('Keyboard Mechanical', 'mechanical-keyboard', 'RGB mechanical keyboard', 89.99, 35, 1, '2026-02-09 12:00:00'),
('Monitor Stand', 'monitor-stand', 'Adjustable monitor stand', 34.99, 50, 1, '2026-02-09 12:00:00'),
('HDMI Cable', 'hdmi-cable', '6ft HDMI cable', 8.99, 180, 1, '2026-02-09 12:00:00'),
('Webcam HD', 'webcam-hd', '1080p HD webcam', 39.99, 40, 1, '2026-02-09 12:00:00'),
('Microphone Condenser', 'condenser-mic', 'Professional condenser microphone', 59.99, 25, 1, '2026-02-09 12:00:00'),
('Laptop Stand', 'laptop-stand', 'Aluminum laptop stand', 29.99, 65, 1, '2026-02-09 12:00:00'),
('Desk Lamp LED', 'led-desk-lamp', 'LED desk lamp with USB', 22.99, 70, 1, '2026-02-09 12:00:00'),
('External Hard Drive', 'external-hdd', '1TB external hard drive', 49.99, 30, 1, '2026-02-09 12:00:00'),
('SSD External', 'external-ssd', '500GB external SSD', 69.99, 25, 1, '2026-02-09 12:00:00'),
('Card Reader', 'card-reader', 'Multi-format card reader', 15.99, 95, 1, '2026-02-09 12:00:00'),
('Docking Station', 'docking-station', 'USB-C docking station', 79.99, 20, 1, '2026-02-09 12:00:00'),
('Cooling Pad Laptop', 'laptop-cooling-pad', 'Laptop cooling pad with fan', 32.99, 55, 1, '2026-02-09 12:00:00'),
('Phone Tripod', 'phone-tripod', 'Adjustable phone tripod', 18.99, 110, 1, '2026-02-09 12:00:00'),
('Selfie Ring Light', 'ring-light', 'LED ring light for selfies', 26.99, 80, 1, '2026-02-09 12:00:00'),
('USB Desk Fan', 'usb-desk-fan', 'Portable USB fan', 16.99, 140, 1, '2026-02-09 12:00:00'),
('Cable Organizer', 'cable-organizer', 'Desktop cable organizer', 7.99, 250, 1, '2026-02-09 12:00:00'),
('Screen Cleaner', 'screen-cleaner', 'Electronic screen cleaner spray', 9.99, 160, 1, '2026-02-09 12:00:00'),
('Camera Tripod', 'camera-tripod', 'Professional camera tripod', 59.99, 30, 1, '2026-02-09 12:00:00'),
('Lighting Kit', 'lighting-kit', 'LED lighting kit for content creation', 99.99, 15, 1, '2026-02-09 12:00:00'),
('Memory Card 256GB', 'memory-card-256gb', 'High-speed memory card', 35.99, 70, 1, '2026-02-09 12:00:00'),
('USB Flash Drive 64GB', 'usb-flash-64gb', '64GB USB flash drive', 18.99, 100, 1, '2026-02-09 12:00:00'),
('Wireless Charger', 'wireless-charger', 'Fast wireless charging pad', 24.99, 95, 1, '2026-02-09 12:00:00'),
('HDMI Splitter', 'hdmi-splitter', 'HDMI splitter 1 to 2', 19.99, 85, 1, '2026-02-09 12:00:00'),
('VGA Cable', 'vga-cable', '15ft VGA cable', 7.99, 200, 1, '2026-02-09 12:00:00'),
('Ethernet Cable', 'ethernet-cable', 'CAT6 ethernet cable 25ft', 14.99, 110, 1, '2026-02-09 12:00:00'),
('Power Strip', 'power-strip', 'USB power strip with 6 outlets', 32.99, 60, 1, '2026-02-09 12:00:00'),
('Extension Cord', 'extension-cord', '25ft extension cord', 16.99, 130, 1, '2026-02-09 12:00:00'),
('Surge Protector', 'surge-protector', 'Power surge protector', 22.99, 75, 1, '2026-02-09 12:00:00'),
('Surge Protector Tower', 'surge-tower', 'Tower surge protector', 39.99, 50, 1, '2026-02-09 12:00:00'),
('USB Power Adapter', 'usb-power-adapter', 'Dual USB power adapter', 11.99, 180, 1, '2026-02-09 12:00:00'),
('Fast Charger 120W', 'fast-charger-120w', '120W fast charger', 49.99, 35, 1, '2026-02-09 12:00:00'),
('Car Phone Mount', 'car-phone-mount', 'Magnetic car phone mount', 17.99, 120, 1, '2026-02-09 12:00:00'),
('Data Cable Lightning', 'lightning-cable', 'Apple Lightning cable 6ft', 14.99, 140, 1, '2026-02-09 12:00:00'),
('Micro USB Cable', 'micro-usb-cable', 'Micro USB charging cable', 6.99, 250, 1, '2026-02-09 12:00:00'),
('Type-C Hub', 'type-c-hub', 'USB Type-C hub with ports', 34.99, 55, 1, '2026-02-09 12:00:00'),
('Gaming Mouse', 'gaming-mouse', 'RGB gaming mouse', 44.99, 45, 1, '2026-02-09 12:00:00'),
('Keyboard Membrane', 'membrane-keyboard', 'Quiet membrane keyboard', 34.99, 65, 1, '2026-02-09 12:00:00'),
('Mousepad', 'mousepad', 'Large gaming mousepad', 19.99, 90, 1, '2026-02-09 12:00:00');

-- Clothing & Fashion Products (51-100)
INSERT INTO store_product (title, slug, description, unit_price, inventory, collection_id, last_update) VALUES
('Cotton T-Shirt', 'cotton-tshirt-1', 'Basic cotton t-shirt', 14.99, 200, 2, '2026-02-09 12:00:00'),
('Jeans Blue', 'jeans-blue-1', 'Classic blue jeans', 49.99, 85, 2, '2026-02-09 12:00:00'),
('Dress Casual', 'casual-dress-1', 'Casual summer dress', 39.99, 60, 2, '2026-02-09 12:00:00'),
('Jacket Spring', 'spring-jacket', 'Lightweight spring jacket', 79.99, 40, 2, '2026-02-09 12:00:00'),
('Shorts Cotton', 'cotton-shorts', 'Comfortable cotton shorts', 24.99, 120, 2, '2026-02-09 12:00:00'),
('Sweater Wool', 'wool-sweater', 'Warm wool sweater', 59.99, 50, 2, '2026-02-09 12:00:00'),
('Leggings', 'leggings-black', 'Black stretchy leggings', 29.99, 110, 2, '2026-02-09 12:00:00'),
('Hoodie', 'hoodie-grey', 'Grey pullover hoodie', 44.99, 75, 2, '2026-02-09 12:00:00'),
('Trousers Formal', 'formal-trousers', 'Formal dress trousers', 69.99, 35, 2, '2026-02-09 12:00:00'),
('Blazer Navy', 'navy-blazer', 'Navy blue blazer', 89.99, 25, 2, '2026-02-09 12:00:00'),
('Blouse Silk', 'silk-blouse', 'Elegant silk blouse', 49.99, 55, 2, '2026-02-09 12:00:00'),
('Skirt Denim', 'denim-skirt', 'Denim skirt', 34.99, 70, 2, '2026-02-09 12:00:00'),
('Cardigan', 'cardigan-brown', 'Brown cardigan', 54.99, 60, 2, '2026-02-09 12:00:00'),
('Shirt Oxford', 'oxford-shirt', 'Oxford cotton shirt', 44.99, 65, 2, '2026-02-09 12:00:00'),
('Pants Chino', 'chino-pants', 'Chino pants', 59.99, 50, 2, '2026-02-09 12:00:00'),
('Tank Top', 'tank-top-white', 'White tank top', 12.99, 180, 2, '2026-02-09 12:00:00'),
('Vest Casual', 'casual-vest', 'Casual vest', 39.99, 45, 2, '2026-02-09 12:00:00'),
('Polo Shirt', 'polo-shirt-blue', 'Blue polo shirt', 34.99, 80, 2, '2026-02-09 12:00:00'),
('Sweatpants', 'sweatpants-grey', 'Grey sweatpants', 29.99, 100, 2, '2026-02-09 12:00:00'),
('Kimono', 'kimono-print', 'Printed kimono robe', 49.99, 40, 2, '2026-02-09 12:00:00'),
('Turtleneck', 'turtleneck-black', 'Black turtleneck', 39.99, 70, 2, '2026-02-09 12:00:00'),
('Linen Pants', 'linen-pants', 'Light linen pants', 54.99, 45, 2, '2026-02-09 12:00:00'),
('Crop Top', 'crop-top-white', 'White crop top', 19.99, 150, 2, '2026-02-09 12:00:00'),
('Athletic Shirt', 'athletic-shirt', 'Moisture-wicking athletic shirt', 29.99, 90, 2, '2026-02-09 12:00:00'),
('Yoga Pants', 'yoga-pants-black', 'Black yoga pants', 44.99, 85, 2, '2026-02-09 12:00:00'),
('Running Shorts', 'running-shorts', 'Men''s running shorts', 34.99, 75, 2, '2026-02-09 12:00:00'),
('Gym Shirt', 'gym-shirt-grey', 'Grey gym shirt', 24.99, 120, 2, '2026-02-09 12:00:00'),
('Sports Bra', 'sports-bra', 'High-support sports bra', 39.99, 65, 2, '2026-02-09 12:00:00'),
('Swim Trunks', 'swim-trunks', 'Swim trunks', 32.99, 70, 2, '2026-02-09 12:00:00'),
('Rash Guard', 'rash-guard', 'Swim rash guard', 29.99, 60, 2, '2026-02-09 12:00:00');

-- Home & Kitchen Products (101-150)
INSERT INTO store_product (title, slug, description, unit_price, inventory, collection_id, last_update) VALUES
('Coffee Maker', 'coffee-maker-12cup', '12-cup coffee maker', 49.99, 35, 3),
('Blender', 'blender-smoothie', 'High-power blender', 79.99, 25, 3),
('Toaster', 'toaster-4-slice', '4-slice toaster', 39.99, 45, 3),
('Microwave Oven', 'microwave-1000w', '1000W microwave oven', 99.99, 20, 3),
('Dishwasher', 'dishwasher-compact', 'Compact dishwasher', 299.99, 10, 3),
('Refrigerator', 'refrigerator-25cu', '25 cu ft refrigerator', 899.99, 5, 3),
('Stove Range', 'stove-electric', 'Electric stove range', 599.99, 8, 3),
('Oven', 'oven-convection', 'Convection oven', 699.99, 5, 3),
('Knife Set', 'knife-set-8piece', '8-piece knife set', 64.99, 40, 3),
('Cutting Board', 'cutting-board-wood', 'Wooden cutting board', 19.99, 100, 3),
('Pots and Pans Set', 'pots-pans-10piece', '10-piece cookware set', 99.99, 25, 3),
('Mixing Bowls', 'mixing-bowls-3set', 'Set of 3 mixing bowls', 24.99, 80, 3),
('Plates Set', 'dishes-12piece', '12-piece dinnerware set', 59.99, 30, 3),
('Glasses Set', 'glasses-drinking-8pk', '8-piece drinking glass set', 26.99, 60, 3),
('Mugs', 'coffee-mugs-4pack', '4-pack coffee mugs', 18.99, 120, 3),
('Utensil Set', 'kitchen-utensils-5set', '5-piece utensil set', 14.99, 150, 3),
('Can Opener', 'can-opener-electric', 'Electric can opener', 22.99, 65, 3),
('Bottle Opener', 'bottle-opener', 'Multi-purpose bottle opener', 8.99, 200, 3),
('Measuring Cups', 'measuring-cups-4set', '4-piece measuring cup set', 12.99, 140, 3),
('Measuring Spoons', 'measuring-spoons', 'Measuring spoon set', 9.99, 170, 3),
('Food Storage Containers', 'storage-containers-8pk', '8-piece food storage set', 26.99, 85, 3),
('Plastic Wrap', 'plastic-wrap', 'Plastic wrap roll', 4.99, 300, 3),
('Aluminum Foil', 'aluminum-foil', 'Heavy-duty aluminum foil', 5.99, 280, 3),
('Parchment Paper', 'parchment-paper', 'Parchment paper roll', 6.99, 250, 3),
('Paper Towels', 'paper-towels-12pack', '12-pack paper towels', 16.99, 200, 3),
('Napkins', 'napkins-200count', '200-count napkins', 7.99, 220, 3),
('Cutting Mat', 'cutting-mat-silicone', 'Silicone cutting mat', 9.99, 180, 3),
('Colander', 'colander-stainless', 'Stainless steel colander', 14.99, 120, 3),
('Grater', 'grater-4-side', '4-sided grater', 11.99, 160, 3),
('Peeler', 'peeler-vegetable', 'Vegetable peeler', 4.99, 250, 3),
('Whisk', 'whisk-silicone', 'Silicone whisk', 7.99, 220, 3),
('Spatula', 'spatula-heat-resistant', 'Heat-resistant spatula', 8.99, 200, 3),
('Tongs', 'tongs-stainless', 'Stainless steel tongs', 9.99, 190, 3),
('Skewer Set', 'skewer-set-12piece', '12-piece skewer set', 12.99, 130, 3),
('Baking Sheet', 'baking-sheet-2pack', '2-pack baking sheets', 19.99, 90, 3),
('Cake Pan', 'cake-pan-round', '9-inch round cake pan', 14.99, 110, 3),
('Muffin Tin', 'muffin-tin-12cup', '12-cup muffin tin', 12.99, 125, 3),
('Casserole Dish', 'casserole-dish-3qt', '3-quart casserole dish', 17.99, 100, 3),
('Loaf Pan', 'loaf-pan-9inch', '9-inch loaf pan', 11.99, 140, 3),
('Pizza Stone', 'pizza-stone', 'Round pizza stone', 24.99, 65, 3),
('Slow Cooker', 'slow-cooker-6qt', '6-quart slow cooker', 59.99, 20, 3);

-- Sports & Outdoors Products (151-200)
INSERT INTO store_product (title, slug, description, unit_price, inventory, collection_id) VALUES
('Tennis Racket', 'tennis-racket', 'Professional tennis racket', 99.99, 20, 4),
('Tennis Balls', 'tennis-balls-3pack', '3-pack tennis balls', 8.99, 250, 4),
('Soccer Ball', 'soccer-ball-size5', 'Size 5 soccer ball', 24.99, 80, 4),
('Basketball', 'basketball-official', 'Official size basketball', 29.99, 70, 4),
('Football', 'football-official', 'Official football', 34.99, 50, 4),
('Baseball', 'baseball-12pack', '12-pack baseballs', 19.99, 120, 4),
('Baseball Glove', 'baseball-glove', 'Leather baseball glove', 54.99, 35, 4),
('Baseball Bat', 'baseball-bat-32in', '32in baseball bat', 69.99, 25, 4),
('Cricket Bat', 'cricket-bat', 'Cricket bat', 79.99, 20, 4),
('Badminton Racket', 'badminton-racket-pair', 'Pair badminton rackets', 34.99, 60, 4),
('Badminton Shuttlecock', 'shuttlecock-12pack', '12-pack shuttlecocks', 12.99, 140, 4),
('Ping Pong Paddle', 'ping-pong-paddle', 'Ping pong paddle', 16.99, 110, 4),
('Ping Pong Ball', 'ping-pong-ball-40pk', '40-pack ping pong balls', 9.99, 180, 4),
('Volleyball', 'volleyball-indoor', 'Indoor volleyball', 26.99, 75, 4),
('Bowling Ball', 'bowling-ball-12lb', '12 lb bowling ball', 59.99, 30, 4),
('Golf Clubs Set', 'golf-clubs-14piece', '14-piece golf club set', 299.99, 8, 4),
('Golf Balls', 'golf-balls-12pack', '12-pack golf balls', 19.99, 130, 4),
('Skis', 'skis-160cm', '160cm skis', 249.99, 12, 4),
('Skateboard', 'skateboard-pro', 'Professional skateboard', 79.99, 25, 4),
('Rollerblades', 'rollerblades-mens', 'Men''s rollerblades', 89.99, 20, 4),
('Roller Skates', 'roller-skates-womens', 'Women''s roller skates', 79.99, 25, 4),
('Ice Skates', 'ice-skates', 'Ice skates', 99.99, 18, 4),
('Scooter', 'scooter-kick', 'Kick scooter', 49.99, 40, 4),
('Bicycle Adult', 'bicycle-26inch', '26-inch adult bicycle', 199.99, 15, 4),
('Mountain Bike', 'mountain-bike', 'Full suspension mountain bike', 399.99, 10, 4),
('Bike Helmet', 'bike-helmet', 'Safety bike helmet', 44.99, 45, 4),
('Bike Lock', 'bike-lock-cable', 'Cable bike lock', 16.99, 120, 4),
('Skateboard Helmet', 'skateboard-helmet', 'Skateboard safety helmet', 39.99, 50, 4),
('Knee Pads', 'knee-pads-pair', 'Pair of knee pads', 19.99, 100, 4),
('Elbow Pads', 'elbow-pads-pair', 'Pair of elbow pads', 16.99, 110, 4),
('Wrist Guards', 'wrist-guards', 'Wrist guards pair', 14.99, 130, 4),
('Backpack Hiking', 'hiking-backpack-40l', '40L hiking backpack', 79.99, 25, 4),
('Sleeping Bag', 'sleeping-bag-winter', 'Winter sleeping bag', 64.99, 30, 4),
('Tent', 'tent-4-person', '4-person tent', 99.99, 20, 4),
('Camping Stove', 'camping-stove', 'Portable camping stove', 34.99, 55, 4),
('Tent Lantern', 'tent-lantern-led', 'LED tent lantern', 21.99, 85, 4),
('Flashlight', 'flashlight-led', 'LED flashlight', 14.99, 140, 4),
('Compass', 'compass-digital', 'Digital compass', 12.99, 150, 4),
('Map', 'map-topographic', 'Topographic map', 9.99, 200, 4),
('Water Bottle', 'water-bottle-32oz', '32oz water bottle', 16.99, 180, 4);

-- Books & Media Products (201-230)
INSERT INTO store_product (title, slug, description, unit_price, inventory, collection_id) VALUES
('Fiction Novel', 'fiction-novel-1', 'Best-selling fiction novel', 14.99, 150, 5),
('Mystery Book', 'mystery-book-1', 'Thriller mystery novel', 13.99, 130, 5),
('Science Book', 'science-book-physics', 'Physics textbook', 49.99, 40, 5),
('History Book', 'history-book-world', 'World history book', 24.99, 85, 5),
('Biography', 'biography-famous', 'Biography of famous person', 18.99, 95, 5),
('Cookbook', 'cookbook-italian', 'Italian cookbook', 22.99, 70, 5),
('Self-Help Book', 'self-help-motivation', 'Motivation self-help book', 15.99, 110, 5),
('Children Book', 'children-book-bedtime', 'Bedtime children book', 9.99, 200, 5),
('Comic Book', 'comic-superhero', 'Superhero comic book', 7.99, 250, 5),
('Magazine', 'magazine-monthly', 'Monthly magazine', 5.99, 300, 5),
('Dictionary', 'dictionary-english', 'English dictionary', 16.99, 100, 5),
('Encyclopedia', 'encyclopedia-set', 'Encyclopedia set', 34.99, 50, 5),
('Journal', 'journal-daily', 'Daily journal', 11.99, 160, 5),
('Notebook', 'notebook-lined', 'Lined notebook', 4.99, 400, 5),
('Coloring Book', 'coloring-book-adult', 'Adult coloring book', 8.99, 220, 5),
('Graphic Novel', 'graphic-novel', 'Graphic novel', 19.99, 80, 5),
('Poetry Collection', 'poetry-collection', 'Poetry collection', 12.99, 140, 5),
('Art Book', 'art-book-photography', 'Photography art book', 39.99, 35, 5),
('Travel Guide', 'travel-guide-paris', 'Paris travel guide', 16.99, 110, 5),
('Manga', 'manga-anime', 'Anime manga series', 9.99, 180, 5),
('DVD Movie', 'dvd-action-movie', 'Action movie DVD', 14.99, 120, 5),
('Blu-ray Movie', 'bluray-sci-fi', 'Sci-fi Blu-ray movie', 19.99, 90, 5),
('TV Series', 'tv-series-drama', 'Drama TV series', 29.99, 65, 5),
('Documentary', 'documentary-nature', 'Nature documentary', 14.99, 110, 5),
('Video Game', 'video-game-action', 'Action video game', 49.99, 45, 5),
('Music CD', 'music-cd-pop', 'Pop music CD', 9.99, 200, 5),
('Vinyl Record', 'vinyl-record-rock', 'Rock vinyl record', 19.99, 75, 5),
('Audiobook', 'audiobook-fiction', 'Fiction audiobook', 12.99, 140, 5),
('E-reader Device', 'ereader-device', 'E-reader device', 79.99, 25, 5),
('Book Collection Set', 'book-series-set', 'Book series set', 44.99, 50, 5);

-- More Products (231-250) - Mixed items
INSERT INTO store_product (title, slug, description, unit_price, inventory, collection_id) VALUES
('Desk Chair', 'desk-chair-ergonomic', 'Ergonomic desk chair', 149.99, 12, 12),
('OLED Smart TV', 'tv-55inch-oled', '55-inch OLED TV', 799.99, 5, 1),
('Headphone Stand', 'headphone-stand', 'Desktop headphone stand', 19.99, 95, 1),
('Desk Organizer', 'desk-organizer-wood', 'Wooden desk organizer', 24.99, 70, 3),
('Wall Clock', 'wall-clock-digital', 'Digital wall clock', 21.99, 85, 3),
('Desk Pad', 'desk-pad-leather', 'Leather desk pad', 29.99, 60, 3),
('Chair Cushion', 'chair-cushion', 'Ergonomic chair cushion', 34.99, 50, 12),
('Bookshelf', 'bookshelf-5-shelf', '5-shelf bookshelf', 79.99, 20, 12),
('Wall Shelves', 'wall-shelves-floating', 'Floating wall shelves', 44.99, 40, 12),
('bed-frame', 'bed-frame-queen', 'Queen size bed frame', 249.99, 10, 12),
('Mattress', 'mattress-queen-foam', 'Queen memory foam mattress', 399.99, 8, 12),
('Pillow Set', 'pillow-set-2pack', '2-pack pillows', 49.99, 35, 12),
('Blanket', 'blanket-fleece', 'Fleece blanket', 34.99, 60, 12),
('Rug', 'rug-5x7-wool', '5x7 wool rug', 99.99, 18, 12),
('Curtains', 'curtains-blackout', 'Blackout curtains', 44.99, 45, 12),
('Lamp Floor', 'floor-lamp-arc', 'Arc floor lamp', 59.99, 30, 3),
('Picture Frame', 'picture-frame-8x10', '8x10 picture frame', 12.99, 150, 3),
('Vase', 'vase-decorative', 'Decorative vase', 17.99, 105, 3),
('Plant Pot', 'plant-pot-ceramic', 'Ceramic plant pot', 14.99, 120, 3),
('Air Purifier', 'air-purifier-hepa', 'HEPA air purifier', 129.99, 15, 1);

-- ============================================================================
-- 4. POPULATE CUSTOMERS (100 records)
-- ============================================================================
INSERT INTO store_customer (first_name, last_name, email, phone, birth_date, membership) VALUES
('John', 'Smith', 'john.smith@email.com', '555-0101', '1985-03-15', 'S'),
('Mary', 'Johnson', 'mary.johnson@email.com', '555-0102', '1990-07-22', 'G'),
('Robert', 'Williams', 'robert.williams@email.com', '555-0103', '1988-11-08', 'B'),
('Patricia', 'Brown', 'patricia.brown@email.com', '555-0104', '1992-05-14', 'S'),
('Michael', 'Jones', 'michael.jones@email.com', '555-0105', '1987-09-20', 'G'),
('Linda', 'Garcia', 'linda.garcia@email.com', '555-0106', '1995-01-10', 'B'),
('William', 'Miller', 'william.miller@email.com', '555-0107', '1986-04-18', 'S'),
('Barbara', 'Davis', 'barbara.davis@email.com', '555-0108', '1991-08-25', 'G'),
('David', 'Rodriguez', 'david.rodriguez@email.com', '555-0109', '1989-12-03', 'B'),
('Susan', 'Martinez', 'susan.martinez@email.com', '555-0110', '1993-06-12', 'S'),
('Richard', 'Hernandez', 'richard.hernandez@email.com', '555-0111', '1987-02-28', 'G'),
('Jessica', 'Lopez', 'jessica.lopez@email.com', '555-0112', '1994-10-05', 'B'),
('Joseph', 'Gonzalez', 'joseph.gonzalez@email.com', '555-0113', '1988-07-17', 'S'),
('Karen', 'Wilson', 'karen.wilson@email.com', '555-0114', '1992-03-22', 'G'),
('Thomas', 'Anderson', 'thomas.anderson@email.com', '555-0115', '1986-09-11', 'B'),
('Nancy', 'Taylor', 'nancy.taylor@email.com', '555-0116', '1991-05-30', 'S'),
('Charles', 'Thomas', 'charles.thomas@email.com', '555-0117', '1989-01-14', 'G'),
('Lisa', 'Moore', 'lisa.moore@email.com', '555-0118', '1993-11-20', 'B'),
('Christopher', 'Jackson', 'christopher.jackson@email.com', '555-0119', '1987-08-07', 'S'),
('Betty', 'Martin', 'betty.martin@email.com', '555-0120', '1990-04-16', 'G'),
('Daniel', 'Lee', 'daniel.lee@email.com', '555-0121', '1988-06-23', 'B'),
('Margaret', 'Perez', 'margaret.perez@email.com', '555-0122', '1992-02-09', 'S'),
('Matthew', 'Thompson', 'matthew.thompson@email.com', '555-0123', '1986-10-19', 'G'),
('Sandra', 'White', 'sandra.white@email.com', '555-0124', '1994-12-27', 'B'),
('Anthony', 'Harris', 'anthony.harris@email.com', '555-0125', '1989-03-04', 'S'),
('Ashley', 'Martin', 'ashley.martin@email.com', '555-0126', '1991-09-13', 'G'),
('Donald', 'Clark', 'donald.clark@email.com', '555-0127', '1987-07-21', 'B'),
('Emily', 'Lewis', 'emily.lewis@email.com', '555-0128', '1993-05-08', 'S'),
('Steven', 'Robinson', 'steven.robinson@email.com', '555-0129', '1988-11-17', 'G'),
('Donna', 'Walker', 'donna.walker@email.com', '555-0130', '1990-01-25', 'B'),
('Paul', 'Hall', 'paul.hall@email.com', '555-0131', '1986-08-02', 'S'),
('Carol', 'Young', 'carol.young@email.com', '555-0132', '1992-04-11', 'G'),
('Andrew', 'King', 'andrew.king@email.com', '555-0133', '1989-06-19', 'B'),
('Michelle', 'Scott', 'michelle.scott@email.com', '555-0134', '1991-10-28', 'S'),
('Joshua', 'Green', 'joshua.green@email.com', '555-0135', '1987-02-14', 'G'),
('Melissa', 'Adams', 'melissa.adams@email.com', '555-0136', '1993-12-06', 'B'),
('Kenneth', 'Nelson', 'kenneth.nelson@email.com', '555-0137', '1988-09-09', 'S'),
('Deborah', 'Carter', 'deborah.carter@email.com', '555-0138', '1990-05-18', 'G'),
('Kevin', 'Roberts', 'kevin.roberts@email.com', '555-0139', '1986-03-27', 'B'),
('Stephanie', 'Phillips', 'stephanie.phillips@email.com', '555-0140', '1992-07-31', 'S'),
('Brian', 'Campbell', 'brian.campbell@email.com', '555-0141', '1989-04-12', 'G'),
('Rebecca', 'Parker', 'rebecca.parker@email.com', '555-0142', '1994-08-20', 'B'),
('Edward', 'Evans', 'edward.evans@email.com', '555-0143', '1987-12-03', 'S'),
('Sharon', 'Edwards', 'sharon.edwards@email.com', '555-0144', '1991-06-15', 'G'),
('Ronald', 'Collins', 'ronald.collins@email.com', '555-0145', '1988-10-24', 'B'),
('Kathleen', 'Reyes', 'kathleen.reyes@email.com', '555-0146', '1993-02-01', 'S'),
('Timothy', 'Stewart', 'timothy.stewart@email.com', '555-0147', '1986-11-10', 'G'),
('Shirley', 'Sanchez', 'shirley.sanchez@email.com', '555-0148', '1990-09-07', 'B'),
('Jason', 'Morris', 'jason.morris@email.com', '555-0149', '1989-05-16', 'S'),
('Angela', 'Rogers', 'angela.rogers@email.com', '555-0150', '1992-01-22', 'G'),
('Jeffrey', 'Morgan', 'jeffrey.morgan@email.com', '555-0151', '1987-04-30', 'B'),
('Brenda', 'Peterson', 'brenda.peterson@email.com', '555-0152', '1991-08-11', 'S'),
('Ryan', 'Gardner', 'ryan.gardner@email.com', '555-0153', '1988-03-19', 'G'),
('Pamela', 'Payne', 'pamela.payne@email.com', '555-0154', '1993-07-25', 'B'),
('Jacob', 'Pierce', 'jacob.pierce@email.com', '555-0155', '1986-12-02', 'S'),
('Katherine', 'Berry', 'katherine.berry@email.com', '555-0156', '1990-06-14', 'G'),
('Gary', 'Matthews', 'gary.matthews@email.com', '555-0157', '1989-02-21', 'B'),
('Diane', 'Arnold', 'diane.arnold@email.com', '555-0158', '1992-10-29', 'S'),
('Nicholas', 'Wagner', 'nicholas.wagner@email.com', '555-0159', '1987-09-08', 'G'),
('Julie', 'Willis', 'julie.willis@email.com', '555-0160', '1991-05-17', 'B'),
('Eric', 'Ray', 'eric.ray@email.com', '555-0161', '1988-01-26', 'S'),
('Joyce', 'Watkins', 'joyce.watkins@email.com', '555-0162', '1993-11-03', 'G'),
('Jonathan', 'Olson', 'jonathan.olson@email.com', '555-0163', '1986-07-13', 'B'),
('Virginia', 'Carroll', 'virginia.carroll@email.com', '555-0164', '1990-03-22', 'S'),
('Stephen', 'Duncan', 'stephen.duncan@email.com', '555-0165', '1989-11-30', 'G'),
('Catherine', 'Snyder', 'catherine.snyder@email.com', '555-0166', '1992-08-09', 'B'),
('Larry', 'Hart', 'larry.hart@email.com', '555-0167', '1987-06-01', 'S'),
('Samantha', 'Cornelius', 'samantha.cornelius@email.com', '555-0168', '1991-04-05', 'G'),
('Justin', 'Barrett', 'justin.barrett@email.com', '555-0169', '1988-12-14', 'B'),
('Amanda', 'Guerrero', 'amanda.guerrero@email.com', '555-0170', '1993-09-20', 'S'),
('Scott', 'Jacobson', 'scott.jacobson@email.com', '555-0171', '1986-05-11', 'G'),
('Debra', 'Bowman', 'debra.bowman@email.com', '555-0172', '1990-02-28', 'B'),
('Benjamin', 'Medina', 'benjamin.medina@email.com', '555-0173', '1989-10-07', 'S'),
('Carolyn', 'Fowler', 'carolyn.fowler@email.com', '555-0174', '1992-06-16', 'G'),
('Samuel', 'Brewer', 'samuel.brewer@email.com', '555-0175', '1987-08-24', 'B'),
('Janet', 'Hoffman', 'janet.hoffman@email.com', '555-0176', '1991-01-03', 'S'),
('Frank', 'Carlson', 'frank.carlson@email.com', '555-0177', '1988-04-12', 'G'),
('Maria', 'Hanson', 'maria.hanson@email.com', '555-0178', '1993-10-18', 'B'),
('Gregory', 'Mccarty', 'gregory.mccarty@email.com', '555-0179', '1986-09-27', 'S'),
('Heather', 'Vargas', 'heather.vargas@email.com', '555-0180', '1990-05-31', 'G'),
('Alexander', 'Mahoney', 'alexander.mahoney@email.com', '555-0181', '1989-12-09', 'B'),
('Diane', 'England', 'diane.england@email.com', '555-0182', '1992-03-17', 'S'),
('Raymond', 'Doyle', 'raymond.doyle@email.com', '555-0183', '1987-11-25', 'G'),
('Julie', 'Garner', 'julie.garner@email.com', '555-0184', '1991-07-05', 'B'),
('Patrick', 'Newton', 'patrick.newton@email.com', '555-0185', '1988-02-02', 'S'),
('Joyce', 'Harrington', 'joyce.harrington@email.com', '555-0186', '1993-08-11', 'G'),
('Jack', 'Sharp', 'jack.sharp@email.com', '555-0187', '1986-06-19', 'B'),
('Evelyn', 'Kaufman', 'evelyn.kaufman@email.com', '555-0188', '1990-04-28', 'S'),
('Dennis', 'Mccracken', 'dennis.mccracken@email.com', '555-0189', '1989-01-07', 'G'),
('Martha', 'Bunker', 'martha.bunker@email.com', '555-0190', '1992-09-14', 'B'),
('Jerry', 'Macdonald', 'jerry.macdonald@email.com', '555-0191', '1987-03-23', 'S'),
('Ann', 'Delaney', 'ann.delaney@email.com', '555-0192', '1991-02-01', 'G'),
('Tyler', 'Spence', 'tyler.spence@email.com', '555-0193', '1988-11-08', 'B'),
('Sara', 'Wolf', 'sara.wolf@email.com', '555-0194', '1993-04-16', 'S'),
('Aaron', 'Lowe', 'aaron.lowe@email.com', '555-0195', '1986-10-26', 'G'),
('Laura', 'Pitts', 'laura.pitts@email.com', '555-0196', '1990-08-05', 'B'),
('Jose', 'Horne', 'jose.horne@email.com', '555-0197', '1989-05-13', 'S'),
('Jacqueline', 'Knapp', 'jacqueline.knapp@email.com', '555-0198', '1992-12-10', 'G'),
('Adam', 'Romero', 'adam.romero@email.com', '555-0199', '1987-07-18', 'B'),
('Frances', 'Swan', 'frances.swan@email.com', '555-0200', '1991-03-27', 'S');

-- ============================================================================
-- 5. POPULATE ORDERS (150 records)
-- ============================================================================
-- Orders for customers 1-150
INSERT INTO store_order (placed_at, payment_status, customer_id) VALUES
('2024-01-05 10:30:00', 'C', 1),
('2024-01-08 14:20:00', 'C', 2),
('2024-01-12 09:15:00', 'P', 3),
('2024-01-15 16:45:00', 'C', 4),
('2024-01-18 11:00:00', 'C', 5),
('2024-01-22 13:30:00', 'F', 6),
('2024-01-25 10:45:00', 'C', 7),
('2024-01-28 15:20:00', 'P', 8),
('2024-02-01 12:00:00', 'C', 9),
('2024-02-04 14:15:00', 'C', 10),
('2024-02-07 09:30:00', 'C', 11),
('2024-02-10 16:00:00', 'P', 12),
('2024-02-13 10:45:00', 'C', 13),
('2024-02-16 13:20:00', 'C', 14),
('2024-02-19 15:45:00', 'C', 15),
('2024-02-22 11:30:00', 'F', 16),
('2024-02-25 14:00:00', 'C', 17),
('2024-02-28 09:45:00', 'C', 18),
('2024-03-02 16:30:00', 'P', 19),
('2024-03-05 12:15:00', 'C', 20),
('2024-03-08 10:00:00', 'C', 21),
('2024-03-11 14:45:00', 'C', 22),
('2024-03-14 11:20:00', 'P', 23),
('2024-03-17 15:00:00', 'C', 24),
('2024-03-20 13:45:00', 'C', 25),
('2024-03-23 09:30:00', 'C', 26),
('2024-03-26 16:15:00', 'F', 27),
('2024-03-29 12:45:00', 'C', 28),
('2024-04-01 10:30:00', 'C', 29),
('2024-04-04 14:20:00', 'C', 30),
('2024-04-07 15:45:00', 'P', 31),
('2024-04-10 11:00:00', 'C', 32),
('2024-04-13 13:30:00', 'C', 33),
('2024-04-16 09:15:00', 'C', 34),
('2024-04-19 16:45:00', 'C', 35),
('2024-04-22 10:45:00', 'F', 36),
('2024-04-25 15:20:00', 'C', 37),
('2024-04-28 12:00:00', 'P', 38),
('2024-05-01 14:15:00', 'C', 39),
('2024-05-04 09:30:00', 'C', 40),
('2024-05-07 16:00:00', 'C', 41),
('2024-05-10 10:45:00', 'C', 42),
('2024-05-13 13:20:00', 'P', 43),
('2024-05-16 15:45:00', 'C', 44),
('2024-05-19 11:30:00', 'C', 45),
('2024-05-22 14:00:00', 'C', 46),
('2024-05-25 09:45:00', 'F', 47),
('2024-05-28 16:30:00', 'C', 48),
('2024-05-31 12:15:00', 'C', 49),
('2024-06-03 10:00:00', 'C', 50),
('2024-06-06 14:45:00', 'P', 51),
('2024-06-09 11:20:00', 'C', 52),
('2024-06-12 15:00:00', 'C', 53),
('2024-06-15 13:45:00', 'C', 54),
('2024-06-18 09:30:00', 'C', 55),
('2024-06-21 16:15:00', 'C', 56),
('2024-06-24 12:45:00', 'F', 57),
('2024-06-27 10:30:00', 'C', 58),
('2024-06-30 14:20:00', 'C', 59),
('2024-07-03 15:45:00', 'P', 60),
('2024-07-06 11:00:00', 'C', 61),
('2024-07-09 13:30:00', 'C', 62),
('2024-07-12 09:15:00', 'C', 63),
('2024-07-15 16:45:00', 'C', 64),
('2024-07-18 10:45:00', 'C', 65),
('2024-07-21 15:20:00', 'F', 66),
('2024-07-24 12:00:00', 'C', 67),
('2024-07-27 14:15:00', 'C', 68),
('2024-07-30 09:30:00', 'P', 69),
('2024-08-02 16:00:00', 'C', 70),
('2024-08-05 10:45:00', 'C', 71),
('2024-08-08 13:20:00', 'C', 72),
('2024-08-11 15:45:00', 'C', 73),
('2024-08-14 11:30:00', 'C', 74),
('2024-08-17 14:00:00', 'P', 75),
('2024-08-20 09:45:00', 'C', 76),
('2024-08-23 16:30:00', 'C', 77),
('2024-08-26 12:15:00', 'C', 78),
('2024-08-29 10:00:00', 'F', 79),
('2024-09-01 14:45:00', 'C', 80),
('2024-09-04 11:20:00', 'C', 81),
('2024-09-07 15:00:00', 'C', 82),
('2024-09-10 13:45:00', 'P', 83),
('2024-09-13 09:30:00', 'C', 84),
('2024-09-16 16:15:00', 'C', 85),
('2024-09-19 12:45:00', 'C', 86),
('2024-09-22 10:30:00', 'C', 87),
('2024-09-25 14:20:00', 'F', 88),
('2024-09-28 15:45:00', 'C', 89),
('2024-10-01 11:00:00', 'C', 90),
('2024-10-04 13:30:00', 'C', 91),
('2024-10-07 09:15:00', 'P', 92),
('2024-10-10 16:45:00', 'C', 93),
('2024-10-13 10:45:00', 'C', 94),
('2024-10-16 15:20:00', 'C', 95),
('2024-10-19 12:00:00', 'C', 96),
('2024-10-22 14:15:00', 'C', 97),
('2024-10-25 09:30:00', 'F', 98),
('2024-10-28 16:00:00', 'C', 99),
('2024-10-31 10:45:00', 'C', 100),
('2024-11-03 13:20:00', 'C', 1),
('2024-11-06 15:45:00', 'P', 2),
('2024-11-09 11:30:00', 'C', 3),
('2024-11-12 14:00:00', 'C', 4),
('2024-11-15 09:45:00', 'C', 5),
('2024-11-18 16:30:00', 'C', 6),
('2024-11-21 12:15:00', 'F', 7),
('2024-11-24 10:00:00', 'C', 8),
('2024-11-27 14:45:00', 'C', 9),
('2024-11-30 11:20:00', 'C', 10),
('2024-12-03 15:00:00', 'P', 11),
('2024-12-06 13:45:00', 'C', 12),
('2024-12-09 09:30:00', 'C', 13),
('2024-12-12 16:15:00', 'C', 14),
('2024-12-15 12:45:00', 'C', 15),
('2024-12-18 10:30:00', 'C', 16),
('2024-12-21 14:20:00', 'F', 17),
('2024-12-24 15:45:00', 'C', 18),
('2024-12-27 11:00:00', 'C', 19),
('2024-12-30 13:30:00', 'C', 20),
('2025-01-02 09:15:00', 'P', 21),
('2025-01-05 16:45:00', 'C', 22),
('2025-01-08 10:45:00', 'C', 23),
('2025-01-11 15:20:00', 'C', 24),
('2025-01-14 12:00:00', 'C', 25),
('2025-01-17 14:15:00', 'C', 26),
('2025-01-20 09:30:00', 'F', 27),
('2025-01-23 16:00:00', 'C', 28),
('2025-01-26 10:45:00', 'C', 29),
('2025-01-29 13:20:00', 'C', 30),
('2025-02-01 15:45:00', 'P', 31),
('2025-02-04 11:30:00', 'C', 32),
('2025-02-07 14:00:00', 'C', 33),
('2025-02-10 09:45:00', 'C', 34),
('2025-02-13 16:30:00', 'C', 35);

-- ============================================================================
-- 6. POPULATE ORDERITEMS (200+ records)
-- ============================================================================
-- Order 1 items
INSERT INTO store_orderitem (order_id, product_id, quantity, unit_price) VALUES
(1, 1, 2, 79.99),
(1, 3, 1, 9.99),
(2, 4, 1, 25.99),
(2, 5, 1, 45.99),
(2, 2, 2, 12.99),
(3, 10, 5, 24.99),
(3, 15, 3, 22.99),
(4, 20, 1, 18.99),
(4, 25, 2, 7.99),
(5, 30, 1, 24.99),
(5, 35, 1, 19.99),
(6, 40, 2, 24.99),
(7, 45, 1, 79.99),
(7, 50, 3, 29.99),
(8, 55, 2, 14.99),
(8, 60, 1, 49.99),
(9, 65, 1, 39.99),
(9, 70, 1, 34.99),
(10, 75, 2, 54.99),
(10, 80, 1, 39.99),
(11, 85, 1, 44.99),
(11, 90, 2, 59.99),
(12, 95, 1, 99.99),
(12, 100, 1, 24.99),
(13, 105, 3, 79.99),
(13, 110, 1, 99.99),
(14, 115, 1, 49.99),
(14, 120, 2, 79.99),
(15, 125, 1, 299.99),
(15, 130, 1, 49.99),
(16, 135, 2, 24.99),
(16, 140, 1, 64.99),
(17, 145, 1, 26.99),
(17, 150, 2, 34.99),
(18, 155, 1, 99.99),
(18, 160, 1, 79.99),
(19, 165, 2, 24.99),
(19, 170, 1, 49.99),
(20, 175, 1, 79.99),
(20, 180, 1, 89.99),
(21, 185, 3, 79.99),
(21, 190, 1, 44.99),
(22, 195, 1, 99.99),
(22, 200, 2, 24.99),
(23, 205, 1, 79.99),
(23, 210, 1, 49.99),
(24, 215, 2, 39.99),
(24, 220, 1, 59.99),
(25, 225, 1, 34.99),
(25, 230, 1, 14.99),
(26, 235, 2, 49.99),
(26, 240, 1, 79.99),
(27, 245, 1, 149.99),
(27, 250, 1, 39.99),
(28, 5, 1, 45.99),
(28, 20, 2, 18.99),
(29, 35, 1, 19.99),
(29, 50, 2, 29.99),
(30, 65, 1, 39.99),
(30, 80, 1, 39.99),
(31, 95, 1, 99.99),
(31, 110, 1, 99.99),
(32, 125, 1, 299.99),
(32, 140, 1, 64.99),
(33, 155, 2, 99.99),
(33, 170, 1, 49.99),
(34, 185, 1, 79.99),
(34, 200, 1, 24.99),
(35, 10, 3, 24.99),
(35, 25, 1, 7.99);

-- Bulk insert more order items (orders 36-150)
INSERT INTO store_orderitem (order_id, product_id, quantity, unit_price) VALUES
(36, 30, 2, 24.99), (36, 45, 1, 79.99),
(37, 60, 1, 49.99), (37, 75, 2, 54.99),
(38, 90, 1, 59.99), (38, 105, 1, 79.99),
(39, 120, 1, 79.99), (39, 135, 2, 24.99),
(40, 150, 1, 34.99), (40, 165, 1, 24.99),
(41, 180, 1, 89.99), (41, 195, 2, 99.99),
(42, 210, 1, 49.99), (42, 225, 1, 34.99),
(43, 240, 1, 79.99), (43, 5, 2, 45.99),
(44, 20, 1, 18.99), (44, 35, 1, 19.99),
(45, 50, 2, 29.99), (45, 65, 1, 39.99),
(46, 80, 1, 39.99), (46, 95, 1, 99.99),
(47, 110, 1, 99.99), (47, 125, 2, 299.99),
(48, 140, 1, 64.99), (48, 155, 1, 99.99),
(49, 170, 2, 49.99), (49, 185, 1, 79.99),
(50, 200, 1, 24.99), (50, 215, 1, 39.99),
(51, 230, 2, 14.99), (51, 245, 1, 149.99),
(52, 10, 1, 24.99), (52, 25, 2, 7.99),
(53, 40, 1, 24.99), (53, 55, 1, 14.99),
(54, 70, 2, 34.99), (54, 85, 1, 44.99),
(55, 100, 1, 24.99), (55, 115, 1, 49.99),
(56, 130, 1, 49.99), (56, 145, 2, 26.99),
(57, 160, 1, 79.99), (57, 175, 1, 79.99),
(58, 190, 1, 44.99), (58, 205, 2, 79.99),
(59, 220, 1, 59.99), (59, 235, 1, 49.99),
(60, 250, 1, 39.99), (60, 5, 1, 45.99),
(61, 20, 2, 18.99), (61, 35, 1, 19.99),
(62, 50, 1, 29.99), (62, 65, 2, 39.99),
(63, 80, 1, 39.99), (63, 95, 1, 99.99),
(64, 110, 2, 99.99), (64, 125, 1, 299.99),
(65, 140, 1, 64.99), (65, 155, 1, 99.99),
(66, 170, 1, 49.99), (66, 185, 2, 79.99),
(67, 200, 1, 24.99), (67, 215, 1, 39.99),
(68, 230, 2, 14.99), (68, 245, 1, 149.99),
(69, 10, 1, 24.99), (69, 25, 1, 7.99),
(70, 40, 2, 24.99), (70, 55, 1, 14.99),
(71, 70, 1, 34.99), (71, 85, 2, 44.99),
(72, 100, 1, 24.99), (72, 115, 1, 49.99),
(73, 130, 1, 49.99), (73, 145, 1, 26.99),
(74, 160, 2, 79.99), (74, 175, 1, 79.99),
(75, 190, 1, 44.99), (75, 205, 1, 79.99),
(76, 220, 1, 59.99), (76, 235, 2, 49.99),
(77, 250, 1, 39.99), (77, 5, 1, 45.99),
(78, 20, 1, 18.99), (78, 35, 2, 19.99),
(79, 50, 1, 29.99), (79, 65, 1, 39.99),
(80, 80, 1, 39.99), (80, 95, 2, 99.99),
(81, 110, 1, 99.99), (81, 125, 1, 299.99),
(82, 140, 1, 64.99), (82, 155, 1, 99.99),
(83, 170, 2, 49.99), (83, 185, 1, 79.99),
(84, 200, 1, 24.99), (84, 215, 1, 39.99),
(85, 230, 1, 14.99), (85, 245, 2, 149.99),
(86, 10, 1, 24.99), (86, 25, 1, 7.99),
(87, 40, 1, 24.99), (87, 55, 2, 14.99),
(88, 70, 1, 34.99), (88, 85, 1, 44.99),
(89, 100, 2, 24.99), (89, 115, 1, 49.99),
(90, 130, 1, 49.99), (90, 145, 1, 26.99),
(91, 160, 1, 79.99), (91, 175, 2, 79.99),
(92, 190, 1, 44.99), (92, 205, 1, 79.99),
(93, 220, 1, 59.99), (93, 235, 1, 49.99),
(94, 250, 2, 39.99), (94, 5, 1, 45.99),
(95, 20, 1, 18.99), (95, 35, 1, 19.99),
(96, 50, 1, 29.99), (96, 65, 2, 39.99),
(97, 80, 1, 39.99), (97, 95, 1, 99.99),
(98, 110, 1, 99.99), (98, 125, 1, 299.99),
(99, 140, 1, 64.99), (99, 155, 2, 99.99),
(100, 170, 1, 49.99), (100, 185, 1, 79.99),
(101, 200, 1, 24.99), (101, 215, 1, 39.99),
(102, 230, 1, 14.99), (102, 245, 1, 149.99),
(103, 10, 2, 24.99), (103, 25, 1, 7.99),
(104, 40, 1, 24.99), (104, 55, 1, 14.99),
(105, 70, 1, 34.99), (105, 85, 2, 44.99),
(106, 100, 1, 24.99), (106, 115, 1, 49.99),
(107, 130, 1, 49.99), (107, 145, 1, 26.99),
(108, 160, 1, 79.99), (108, 175, 1, 79.99),
(109, 190, 2, 44.99), (109, 205, 1, 79.99),
(110, 220, 1, 59.99), (110, 235, 1, 49.99),
(111, 250, 1, 39.99), (111, 5, 1, 45.99),
(112, 20, 1, 18.99), (112, 35, 2, 19.99),
(113, 50, 1, 29.99), (113, 65, 1, 39.99),
(114, 80, 1, 39.99), (114, 95, 1, 99.99),
(115, 110, 2, 99.99), (115, 125, 1, 299.99),
(116, 140, 1, 64.99), (116, 155, 1, 99.99),
(117, 170, 1, 49.99), (117, 185, 1, 79.99),
(118, 200, 1, 24.99), (118, 215, 2, 39.99),
(119, 230, 1, 14.99), (119, 245, 1, 149.99),
(120, 10, 1, 24.99), (120, 25, 1, 7.99),
(121, 40, 1, 24.99), (121, 55, 1, 14.99),
(122, 70, 2, 34.99), (122, 85, 1, 44.99),
(123, 100, 1, 24.99), (123, 115, 1, 49.99),
(124, 130, 1, 49.99), (124, 145, 1, 26.99),
(125, 160, 1, 79.99), (125, 175, 1, 79.99),
(126, 190, 1, 44.99), (126, 205, 1, 79.99),
(127, 220, 2, 59.99), (127, 235, 1, 49.99),
(128, 250, 1, 39.99), (128, 5, 1, 45.99),
(129, 20, 1, 18.99), (129, 35, 1, 19.99),
(130, 50, 1, 29.99), (130, 65, 2, 39.99),
(131, 80, 1, 39.99), (131, 95, 1, 99.99),
(132, 110, 1, 99.99), (132, 125, 1, 299.99),
(133, 140, 1, 64.99), (133, 155, 1, 99.99),
(134, 170, 1, 49.99), (134, 185, 2, 79.99),
(135, 200, 1, 24.99), (135, 215, 1, 39.99);

-- Add more diversity to OrderItems by including more products
INSERT INTO store_orderitem (order_id, product_id, quantity, unit_price) VALUES
(136, 230, 1, 14.99), (136, 245, 1, 149.99),
(137, 10, 1, 24.99), (137, 25, 1, 7.99),
(138, 40, 2, 24.99), (138, 55, 1, 14.99),
(139, 70, 1, 34.99), (139, 85, 1, 44.99),
(140, 100, 1, 24.99), (140, 115, 1, 49.99),
(141, 130, 1, 49.99), (141, 145, 1, 26.99),
(142, 160, 1, 79.99), (142, 175, 1, 79.99),
(143, 190, 1, 44.99), (143, 205, 1, 79.99),
(144, 220, 1, 59.99), (144, 235, 1, 49.99),
(145, 250, 1, 39.99), (145, 5, 2, 45.99),
(146, 20, 1, 18.99), (146, 35, 1, 19.99),
(147, 50, 1, 29.99), (147, 65, 1, 39.99),
(148, 80, 1, 39.99), (148, 95, 1, 99.99),
(149, 110, 1, 99.99), (149, 125, 1, 299.99),
(150, 140, 1, 64.99), (150, 155, 1, 99.99);

-- ============================================================================
-- 7. POPULATE PRODUCT-PROMOTION JUNCTION TABLE
-- ============================================================================
-- Create junction table entries for Product-Promotion many-to-many relationship
INSERT INTO store_product_promotions (product_id, promotion_id) VALUES
(1, 1), (1, 5), (2, 2), (3, 3), (4, 4), (5, 6),
(6, 7), (7, 8), (8, 9), (9, 10), (10, 11), (11, 12),
(12, 13), (13, 14), (14, 15), (15, 16), (16, 17), (17, 18),
(18, 19), (19, 20), (20, 1), (21, 2), (22, 3), (23, 4),
(24, 5), (25, 6), (26, 7), (27, 8), (28, 9), (29, 10),
(30, 11), (31, 12), (32, 13), (33, 14), (34, 15), (35, 16),
(36, 17), (37, 18), (38, 19), (39, 20), (40, 1), (41, 2),
(42, 3), (43, 4), (44, 5), (45, 6), (46, 7), (47, 8),
(48, 9), (49, 10), (50, 11), (51, 12), (52, 13), (53, 14),
(54, 15), (55, 16), (56, 17), (57, 18), (58, 19), (59, 20),
(60, 1), (61, 2), (62, 3), (63, 4), (64, 5), (65, 6),
(66, 7), (67, 8), (68, 9), (69, 10), (70, 11), (71, 12),
(72, 13), (73, 14), (74, 15), (75, 16), (76, 17), (77, 18),
(78, 19), (79, 20), (80, 1), (81, 2), (82, 3), (83, 4),
(84, 5), (85, 6), (86, 7), (87, 8), (88, 9), (89, 10),
(90, 11), (91, 12), (92, 13), (93, 14), (94, 15), (95, 16),
(96, 17), (97, 18), (98, 19), (99, 20), (100, 1), (101, 2),
(102, 3), (103, 4), (104, 5), (105, 6), (106, 7), (107, 8),
(108, 9), (109, 10), (110, 11), (111, 12), (112, 13), (113, 14),
(114, 15), (115, 16), (116, 17), (117, 18), (118, 19), (119, 20),
(120, 1), (121, 2), (122, 3), (123, 4), (124, 5), (125, 6),
(126, 7), (127, 8), (128, 9), (129, 10), (130, 11), (131, 12),
(132, 13), (133, 14), (134, 15), (135, 16), (136, 17), (137, 18),
(138, 19), (139, 20), (140, 1), (141, 2), (142, 3), (143, 4),
(144, 5), (145, 6), (146, 7), (147, 8), (148, 9), (149, 10),
(150, 11), (151, 12), (152, 13), (153, 14), (154, 15), (155, 16),
(156, 17), (157, 18), (158, 19), (159, 20), (160, 1), (161, 2),
(162, 3), (163, 4), (164, 5), (165, 6), (166, 7), (167, 8),
(168, 9), (169, 10), (170, 11), (171, 12), (172, 13), (173, 14),
(174, 15), (175, 16), (176, 17), (177, 18), (178, 19), (179, 20),
(180, 1), (181, 2), (182, 3), (183, 4), (184, 5), (185, 6),
(186, 7), (187, 8), (188, 9), (189, 10), (190, 11), (191, 12),
(192, 13), (193, 14), (194, 15), (195, 16), (196, 17), (197, 18),
(198, 19), (199, 20), (200, 1), (201, 2), (202, 3), (203, 4),
(204, 5), (205, 6), (206, 7), (207, 8), (208, 9), (209, 10),
(210, 11), (211, 12), (212, 13), (213, 14), (214, 15), (215, 16),
(216, 17), (217, 18), (218, 19), (219, 20), (220, 1), (221, 2),
(222, 3), (223, 4), (224, 5), (225, 6), (226, 7), (227, 8),
(228, 9), (229, 10), (230, 11), (231, 12), (232, 13), (233, 14),
(234, 15), (235, 16), (236, 17), (237, 18), (238, 19), (239, 20),
(240, 1), (241, 2), (242, 3), (243, 4), (244, 5), (245, 6),
(246, 7), (247, 8), (248, 9), (249, 10), (250, 11);

-- ============================================================================
-- 8. POPULATE ADDRESSES (100 records)
-- ============================================================================
INSERT INTO store_address (street, city, zip, customer_id) VALUES
('123 Main St', 'New York', 10001, 1),
('456 Oak Ave', 'Los Angeles', 90001, 2),
('789 Pine Rd', 'Chicago', 60601, 3),
('321 Elm St', 'Houston', 77001, 4),
('654 Maple Dr', 'Phoenix', 85001, 5),
('987 Cedar Ln', 'Philadelphia', 19101, 6),
('135 Birch Pl', 'San Antonio', 78201, 7),
('246 Willow Ct', 'San Diego', 92101, 8),
('357 Spruce Way', 'Dallas', 75201, 9),
('468 Ash Blvd', 'San Jose', 95101, 10),
('579 Fir St', 'Austin', 78701, 11),
('680 Oak Ave', 'Jacksonville', 32099, 12),
('791 Pine Rd', 'Fort Worth', 76101, 13),
('802 Elm St', 'Columbus', 43085, 14),
('913 Maple Dr', 'Charlotte', 28202, 15),
('124 Cedar Ln', 'San Francisco', 94102, 16),
('235 Birch Pl', 'Indianapolis', 46204, 17),
('346 Willow Ct', 'Seattle', 98101, 18),
('457 Spruce Way', 'Denver', 80202, 19),
('568 Ash Blvd', 'Washington', 20001, 20),
('679 Fir St', 'Boston', 02101, 21),
('780 Oak Ave', 'El Paso', 79901, 22),
('891 Pine Rd', 'Nashville', 37201, 23),
('902 Elm St', 'Detroit', 48201, 24),
('113 Maple Dr', 'Oklahoma City', 73101, 25),
('224 Cedar Ln', 'Portland', 97201, 26),
('335 Birch Pl', 'Las Vegas', 89101, 27),
('446 Willow Ct', 'Memphis', 38101, 28),
('557 Spruce Way', 'Louisville', 40202, 29),
('668 Ash Blvd', 'Baltimore', 21202, 30),
('779 Fir St', 'Milwaukee', 53202, 31),
('880 Oak Ave', 'Albuquerque', 87101, 32),
('991 Pine Rd', 'Tucson', 85701, 33),
('102 Elm St', 'Fresno', 93650, 34),
('213 Maple Dr', 'Sacramento', 95814, 35),
('324 Cedar Ln', 'Long Beach', 90801, 36),
('435 Birch Pl', 'Kansas City', 64105, 37),
('546 Willow Ct', 'Mesa', 85201, 38),
('657 Spruce Way', 'Virginia Beach', 23510, 39),
('768 Ash Blvd', 'Atlanta', 30303, 40),
('879 Fir St', 'New Orleans', 70112, 41),
('980 Oak Ave', 'Cleveland', 44114, 42),
('191 Pine Rd', 'Plano', 75074, 43),
('202 Elm St', 'Austin', 78701, 44),
('313 Maple Dr', 'Newark', 7102, 45),
('424 Cedar Ln', 'Corpus Christi', 78401, 46),
('535 Birch Pl', 'Riverside', 92501, 47),
('646 Willow Ct', 'Saint Paul', 55101, 48),
('757 Spruce Way', 'Chandler', 85224, 49),
('868 Ash Blvd', 'Laredo', 78040, 50),
('979 Fir St', 'Stockton', 95202, 51),
('180 Oak Ave', 'Saint Louis', 63101, 52),
('291 Pine Rd', 'Henderson', 89002, 53),
('302 Elm St', 'Irvine', 92614, 54),
('413 Maple Dr', 'Anchorage', 99501, 55),
('524 Cedar Ln', 'Lexington', 40507, 56),
('635 Birch Pl', 'Bakersfield', 93301, 57),
('746 Willow Ct', 'Garland', 75040, 58),
('857 Spruce Way', 'Glendale', 85301, 59),
('968 Ash Blvd', 'Chula Vista', 91910, 60),
('179 Fir St', 'Baton Rouge', 70801, 61),
('280 Oak Ave', 'Irving', 75014, 62),
('391 Pine Rd', 'Fremont', 94536, 63),
('402 Elm St', 'Durham', 27701, 64),
('513 Maple Dr', 'Garland', 75040, 65),
('624 Cedar Ln', 'Hialeah', 33010, 66),
('735 Birch Pl', 'Laredo', 78040, 67),
('846 Willow Ct', 'Irwin', 75014, 68),
('957 Spruce Way', 'Brownsville', 78520, 69),
('168 Ash Blvd', 'Fontana', 92335, 70),
('279 Fir St', 'Modesto', 95350, 71),
('380 Oak Ave', 'Santa Ana', 92701, 72),
('491 Pine Rd', 'Moreno Valley', 92553, 73),
('502 Elm St', 'Fayetteville', 28301, 74),
('613 Maple Dr', 'Boston', 2101, 75),
('724 Cedar Ln', 'San Bernardino', 92401, 76),
('835 Birch Pl', 'Tallahassee', 32301, 77),
('946 Willow Ct', 'Shreveport', 71101, 78),
('157 Spruce Way', 'Montgomery', 36101, 79),
('268 Ash Blvd', 'Aurora', 80010, 80),
('379 Fir St', 'San Antonio', 78201, 81),
('480 Oak Ave', 'Salt Lake City', 84101, 82),
('591 Pine Rd', 'Huntsville', 35801, 83),
('602 Elm St', 'Huntington Beach', 92648, 84),
('713 Maple Dr', 'Port St. Lucie', 34951, 85),
('824 Cedar Ln', 'Tempe', 85281, 86),
('935 Birch Pl', 'Garland', 75040, 87),
('146 Willow Ct', 'Yonkers', 10701, 88),
('257 Spruce Way', 'Boise', 83702, 89),
('368 Ash Blvd', 'Spokane', 99201, 90),
('479 Fir St', 'Rialto', 92376, 91),
('580 Oak Ave', 'Irvine', 92614, 92),
('691 Pine Rd', 'Denton', 76201, 93),
('702 Elm St', 'Naperville', 60540, 94),
('813 Maple Dr', 'Oxnard', 93030, 95),
('924 Cedar Ln', 'Norfolk', 23510, 96),
('135 Birch Pl', 'Laredo', 78040, 97),
('246 Willow Ct', 'Glendale', 85301, 98),
('357 Spruce Way', 'Gilbert', 85201, 99),
('468 Ash Blvd', 'Fontana', 92335, 100);

-- ============================================================================
-- SUMMARY OF INSERTED DATA
-- ============================================================================
-- Collections: 20 records
-- Promotions: 40 records
-- Products: 250 records
-- Customers: 100 records
-- Orders: 150 records
-- OrderItems: 230+ records
-- Product-Promotions: 250 junction table records
-- Addresses: 100 records
-- TOTAL: ~1,150 records (exceeds 500 target)
